% BR,% MC,T (C),P (atm),ER,SR,O/C,H/C,CO2,H2,N2,CO,CH4,H2/CO,% CC,Y (Nm3/kg),HHV (MJ/kg),% CGE
33.33333333333333,0.0,990.0,1.0,0.3,0.27335609214543427,1.2183965790684599,1.392087900707388,3.014306317631723,20.287077380831484,41.559456179656856,30.770680243689075,0.0010692951078265249,0.6592989566745853,99.95188772518688,1.9610347420658336,13.875122786508049,88.56452011314131
33.33333333333333,0.0,1021.0,1.0,0.42,0.27335609214543427,1.4817664594545472,1.3920879007073883,6.339223589773191,13.527013937116667,49.768389504841586,22.612993716348388,6.759168815164237e-05,0.5981965106785979,99.99176191312807,1.8075174195928416,11.902943969577823,67.44706654445234
20.0,0.0,1045.0,1.0,0.37,0.3200266444629475,1.3821874641791445,1.4543289150166983,4.756493361272493,16.334797278129283,46.65722056019092,25.452306394001134,0.00010770337368727108,0.6417806317929302,99.98849982503658,1.9796559791969837,13.42006131551296,75.2121105527205
33.33333333333333,0.0,953.0,1.0,0.34,0.3400283097418817,1.3728587567936033,1.525432335900283,5.197932034083899,18.470143239996432,43.65360529691563,26.138192806951317,0.0007788661925638041,0.7066342870913551,99.96769482594708,1.950443505618819,12.709490795471064,79.56594399651345
